{"EOAN.DE": 0.0037641000000000003, "IFX.DE": 0.0124, "GTLB": -0.0209, "PLTR": -0.0165, "PAH3.DE": -0.00080002, "SHL.DE": -0.0085349, "PLUG": -0.0472, "NEL.OL": -0.024, "DIS": -0.0126, "KO": -0.00015733170000000002, "MMM": -0.0104, "MSFT": -0.0044826, "SQ": -0.0105, "ABNB": 0.0015859000000000001, "AMZN": -0.000571211, "EBAY": -0.0032184, "ORCL": -0.0004266667, "PYPL": 0.011899999999999999, "QCOM": -0.0011375, "SNOW": 0.03, "TEAM": 0.042, "TSLA": -0.0408, "DBK.DE": 0.0091675, "PM": -0.0019311}