{"EOAN.DE": -0.0159, "IFX.DE": -0.0044126, "GTLB": -0.018500000000000003, "PLTR": 0.032799999999999996, "PAH3.DE": 0.011399999999999999, "SHL.DE": -0.0162003, "PLUG": -0.028999999999999998, "NEL.OL": 0.019299999999999998, "DIS": -0.005970100000000001, "KO": 0.0, "MMM": -0.0021698, "MSFT": -0.0029965000000000005, "SQ": -0.0040435, "ABNB": 0.0066730999999999995, "AMZN": 0.0043108, "EBAY": -0.00022967390000000002, "ORCL": 0.002199, "PYPL": 0.0177, "QCOM": -0.0058741, "SNOW": 0.0152, "TEAM": -0.0013875, "TSLA": 0.005708100000000001, "DBK.DE": 0.0391, "PM": -0.0044035}